1,21,SAMARINDA,2018-07-26 00:00:00.000,system,2019-10-16 13:32:25.083,21wmsadm1
3,21,BONTANG,2018-07-28 00:00:00.000,system,2019-03-21 13:50:37.657,21wmsadm1
10,21,BERAU,2018-08-04 00:00:00.000,system,2019-10-16 13:32:51.693,21wmsadm1
14,22,Balangan,2018-08-08 00:00:00.000,system,NULL,NULL
15,22,Banjar,2018-08-09 00:00:00.000,system,NULL,NULL
16,22,Banjarbaru,2018-08-10 00:00:00.000,system,NULL,NULL
17,22,Banjarmasin,2018-08-11 00:00:00.000,system,NULL,NULL
18,22,Barito Kuala,2018-08-12 00:00:00.000,system,NULL,NULL
19,22,Hulu Sungai Selatan,2018-08-13 00:00:00.000,system,NULL,NULL
20,22,Hulu Sungai Tengah,2018-08-14 00:00:00.000,system,NULL,NULL
21,22,Hulu Sungai Utara,2018-08-15 00:00:00.000,system,NULL,NULL
22,22,Kotabaru,2018-08-16 00:00:00.000,system,NULL,NULL
23,22,Tabalong,2018-08-17 00:00:00.000,system,NULL,NULL
24,22,Tanah Bumbu,2018-08-18 00:00:00.000,system,NULL,NULL
25,22,Tanah Laut,2018-08-19 00:00:00.000,system,NULL,NULL
26,22,Tapin,2018-08-20 00:00:00.000,system,NULL,NULL
27,22,z Other City,2018-08-21 00:00:00.000,system,NULL,NULL
28,22,z Outside Kabupaten,2018-08-22 00:00:00.000,system,NULL,NULL
29,22,z Outside Propinsi,2018-08-23 00:00:00.000,system,NULL,NULL
30,28,Bantaeng,2018-08-24 00:00:00.000,system,NULL,NULL
31,28,Barru,2018-08-25 00:00:00.000,system,NULL,NULL
32,28,Bone,2018-08-26 00:00:00.000,system,NULL,NULL
33,28,Bulukumba,2018-08-27 00:00:00.000,system,NULL,NULL
34,28,Enrekang,2018-08-28 00:00:00.000,system,NULL,NULL
35,28,Gowa,2018-08-29 00:00:00.000,system,NULL,NULL
36,28,Jeneponto,2018-08-30 00:00:00.000,system,NULL,NULL
37,28,Kepulauan Selayar,2018-08-31 00:00:00.000,system,NULL,NULL
38,28,SIDRAP,2018-09-01 00:00:00.000,system,2019-12-26 08:55:05.117,28wmsadm1
39,28,Luwu Timur,2018-09-02 00:00:00.000,system,NULL,NULL
40,28,Luwu Utara,2018-09-03 00:00:00.000,system,NULL,NULL
41,28,Makassar,2018-09-04 00:00:00.000,system,NULL,NULL
42,28,Maros,2018-09-05 00:00:00.000,system,NULL,NULL
43,28,Palopo,2018-09-06 00:00:00.000,system,NULL,NULL
44,28,Pangkajene dan Kepulauan,2018-09-07 00:00:00.000,system,NULL,NULL
45,28,Parepare,2018-09-08 00:00:00.000,system,NULL,NULL
46,28,Pinrang,2018-09-09 00:00:00.000,system,NULL,NULL
47,28,Sidenreng Rappang,2018-09-10 00:00:00.000,system,NULL,NULL
48,28,Sinjai,2018-09-11 00:00:00.000,system,NULL,NULL
49,28,Soppeng,2018-09-12 00:00:00.000,system,NULL,NULL
50,28,Takalar,2018-09-13 00:00:00.000,system,NULL,NULL
51,28,Tana Toraja,2018-09-14 00:00:00.000,system,NULL,NULL
52,28,Toraja Utara,2018-09-15 00:00:00.000,system,NULL,NULL
53,28,Wajo,2018-09-16 00:00:00.000,system,NULL,NULL
54,28,z Other City,2018-09-17 00:00:00.000,system,NULL,NULL
55,28,z Outside Kabupaten,2018-09-18 00:00:00.000,system,NULL,NULL
56,28,z Outside Propinsi,2018-09-19 00:00:00.000,system,NULL,NULL
60,30,KETAPANG,2018-09-23 00:00:00.000,system,2019-11-26 13:34:05.683,30WMSADM1
61,30,KUBU RAYA,2018-09-24 00:00:00.000,system,2019-11-26 13:34:16.197,30WMSADM1
63,30,Melawi,2018-09-26 00:00:00.000,system,NULL,NULL
64,30,PONTIANAK,2018-09-27 00:00:00.000,system,2019-11-26 13:34:48.497,30WMSADM1
66,30,SANGGAU,2018-09-29 00:00:00.000,system,2019-11-26 13:34:57.557,30WMSADM1
67,30,SANDAI,2018-09-30 00:00:00.000,system,2019-11-26 13:35:45.840,30WMSADM1
68,30,SINGKAWANG,2018-10-01 00:00:00.000,system,2019-11-26 13:35:07.543,30WMSADM1
69,30,SINTANG,2018-10-02 00:00:00.000,system,2019-11-26 13:35:16.233,30WMSADM1
70,30,z Other City,2018-10-03 00:00:00.000,system,NULL,NULL
71,30,z Outside Kabupaten,2018-10-04 00:00:00.000,system,NULL,NULL
72,30,z Outside Propinsi,2018-10-05 00:00:00.000,system,NULL,NULL
73,31,Bitung,2018-10-06 00:00:00.000,system,NULL,NULL
74,31,Bolaang Mongondow,2018-10-07 00:00:00.000,system,NULL,NULL
75,31,Bolaang Mongondow Selatan,2018-10-08 00:00:00.000,system,NULL,NULL
76,31,Bolaang Mongondow Timur,2018-10-09 00:00:00.000,system,NULL,NULL
77,31,Bolaang Mongondow Utara,2018-10-10 00:00:00.000,system,NULL,NULL
78,31,Kepulauan Sangihe,2018-10-11 00:00:00.000,system,NULL,NULL
79,31,Kepulauan Siau Tagulandang Biaro,2018-10-12 00:00:00.000,system,NULL,NULL
80,31,Kepulauan Talaud,2018-10-13 00:00:00.000,system,NULL,NULL
81,31,Kotamobagu,2018-10-14 00:00:00.000,system,NULL,NULL
82,31,Manado,2018-10-15 00:00:00.000,system,NULL,NULL
83,31,Minahasa,2018-10-16 00:00:00.000,system,NULL,NULL
84,31,Minahasa Selatan,2018-10-17 00:00:00.000,system,NULL,NULL
85,31,Minahasa Tenggara,2018-10-18 00:00:00.000,system,NULL,NULL
86,31,Minahasa Utara,2018-10-19 00:00:00.000,system,NULL,NULL
87,31,Tomohon,2018-10-20 00:00:00.000,system,NULL,NULL
88,31,z Other City,2018-10-21 00:00:00.000,system,NULL,NULL
89,31,z Outside Kabupaten,2018-10-22 00:00:00.000,system,NULL,NULL
90,31,z Outside Propinsi,2018-10-23 00:00:00.000,system,NULL,NULL
91,34,Bau-Bau,2018-10-24 00:00:00.000,system,NULL,NULL
92,34,Bombana,2018-10-25 00:00:00.000,system,NULL,NULL
93,34,Buton,2018-10-26 00:00:00.000,system,NULL,NULL
94,34,Buton Selatan,2018-10-27 00:00:00.000,system,NULL,NULL
95,34,Buton Tengah,2018-10-28 00:00:00.000,system,NULL,NULL
96,34,Buton Utara,2018-10-29 00:00:00.000,system,NULL,NULL
97,34,Kendari,2018-10-30 00:00:00.000,system,NULL,NULL
98,34,Kolaka,2018-10-31 00:00:00.000,system,NULL,NULL
99,34,Kolaka Timur,2018-11-01 00:00:00.000,system,NULL,NULL
100,34,Kolaka Utara,2018-11-02 00:00:00.000,system,NULL,NULL
101,34,Konawe,2018-11-03 00:00:00.000,system,NULL,NULL
102,34,Konawe Kepulauan,2018-11-04 00:00:00.000,system,NULL,NULL
103,34,Konawe Selatan,2018-11-05 00:00:00.000,system,NULL,NULL
104,34,Konawe Utara,2018-11-06 00:00:00.000,system,NULL,NULL
105,34,Muna,2018-11-07 00:00:00.000,system,NULL,NULL
106,34,Muna Barat,2018-11-08 00:00:00.000,system,NULL,NULL
107,34,Wakatobi,2018-11-09 00:00:00.000,system,NULL,NULL
108,34,z Other City,2018-11-10 00:00:00.000,system,NULL,NULL
109,34,z Outside Kabupaten,2018-11-11 00:00:00.000,system,NULL,NULL
110,34,z Outside Propinsi,2018-11-12 00:00:00.000,system,NULL,NULL
111,36,Banggai,2018-11-13 00:00:00.000,system,NULL,NULL
112,36,Banggai Kepulauan,2018-11-14 00:00:00.000,system,NULL,NULL
113,36,Banggai Laut,2018-11-15 00:00:00.000,system,NULL,NULL
114,36,Buol,2018-11-16 00:00:00.000,system,NULL,NULL
115,36,Donggala,2018-11-17 00:00:00.000,system,NULL,NULL
116,36,Morowali,2018-11-18 00:00:00.000,system,NULL,NULL
117,36,Morowali Utara,2018-11-19 00:00:00.000,system,NULL,NULL
118,36,Palu,2018-11-20 00:00:00.000,system,NULL,NULL
119,36,Parigi Moutong,2018-11-21 00:00:00.000,system,NULL,NULL
120,36,Poso,2018-11-22 00:00:00.000,system,NULL,NULL
121,36,Sigi,2018-11-23 00:00:00.000,system,NULL,NULL
122,36,Tojo Una-Una,2018-11-24 00:00:00.000,system,NULL,NULL
123,36,Toli-Toli,2018-11-25 00:00:00.000,system,NULL,NULL
124,36,z Other City,2018-11-26 00:00:00.000,system,NULL,NULL
125,36,z Outside Kabupaten,2018-11-27 00:00:00.000,system,NULL,NULL
126,36,z Outside Propinsi,2018-11-28 00:00:00.000,system,NULL,NULL
127,23,Ogan Komering Ilir,2018-09-30 00:00:00.000,system,NULL,NULL
128,23,Ogan Komering Ulu,2018-10-01 00:00:00.000,system,NULL,NULL
129,23,Ogan Komering Ulu Selatan,2018-10-02 00:00:00.000,system,NULL,NULL
130,23,Ogan Komering Ulu Timur,2018-10-03 00:00:00.000,system,NULL,NULL
131,23,Pagar Alam,2018-10-04 00:00:00.000,system,NULL,NULL
132,23,Palembang,2018-10-05 00:00:00.000,system,NULL,NULL
133,23,Penukal Abab Lematang Ilir,2018-10-06 00:00:00.000,system,NULL,NULL
134,23,Prabumulih,2018-10-07 00:00:00.000,system,NULL,NULL
135,23,z Other City,2018-10-08 00:00:00.000,system,NULL,NULL
136,23,z Outside Kabupaten,2018-10-09 00:00:00.000,system,NULL,NULL
137,23,z Outside Propinsi,2018-10-10 00:00:00.000,system,NULL,NULL
138,24,Agam,2018-10-11 00:00:00.000,system,NULL,NULL
139,24,Bukittinggi,2018-10-12 00:00:00.000,system,NULL,NULL
140,24,Dharmasraya,2018-10-13 00:00:00.000,system,NULL,NULL
141,24,Kepulauan Mentawai,2018-10-14 00:00:00.000,system,NULL,NULL
142,24,Lima Puluh Kota,2018-10-15 00:00:00.000,system,NULL,NULL
143,24,Padang kota,2018-10-16 00:00:00.000,system,2018-11-21 15:49:21.373,99mis
144,24,Padang Pariaman,2018-10-17 00:00:00.000,system,NULL,NULL
145,24,Padangpanjang,2018-10-18 00:00:00.000,system,NULL,NULL
146,24,Pariaman,2018-10-19 00:00:00.000,system,NULL,NULL
147,24,Pasaman,2018-10-20 00:00:00.000,system,NULL,NULL
148,24,Pasaman Barat,2018-10-21 00:00:00.000,system,NULL,NULL
149,24,Payakumbuh,2018-10-22 00:00:00.000,system,NULL,NULL
150,24,Pesisir Selatan,2018-10-23 00:00:00.000,system,NULL,NULL
151,24,Sawahlunto,2018-10-24 00:00:00.000,system,NULL,NULL
152,24,Sijunjung,2018-10-25 00:00:00.000,system,NULL,NULL
153,24,Solok,2018-10-26 00:00:00.000,system,NULL,NULL
154,24,Solok Selatan,2018-10-28 00:00:00.000,system,NULL,NULL
155,24,Tanah Datar,2018-10-29 00:00:00.000,system,NULL,NULL
156,24,z Other City,2018-10-30 00:00:00.000,system,NULL,NULL
157,24,z Outside Kabupaten,2018-10-31 00:00:00.000,system,NULL,NULL
158,24,z Outside Propinsi,2018-11-01 00:00:00.000,system,NULL,NULL
159,25,TEMBILAHAN,2018-11-02 00:00:00.000,system,2019-05-13 19:22:53.223,25wmsadm1
160,25,BENGKALIS,2018-11-03 00:00:00.000,system,2019-03-19 10:04:44.797,25wmsadm1
161,25,BAGAN SIAPI-API,2018-11-04 00:00:00.000,system,2019-03-19 10:05:05.907,25wmsadm1
162,25,BAGAN BATU,2018-11-05 00:00:00.000,system,2019-03-19 10:05:23.097,25wmsadm1
163,25,DUMAI,2018-11-06 00:00:00.000,system,2019-03-19 10:05:39.317,25wmsadm1
164,25,BELILAS,2018-11-07 00:00:00.000,system,2019-05-13 19:24:24.897,25wmsadm1
165,25,AIR MOLEK,2018-11-08 00:00:00.000,system,2019-03-19 10:06:07.910,25wmsadm1
166,25,PASIR PANGARAIAN,2018-11-09 00:00:00.000,system,2019-03-19 10:06:29.050,25wmsadm1
167,25,DURI,2018-11-10 00:00:00.000,system,2019-03-19 10:06:44.693,25wmsadm1
168,25,UJUNG BATU,2018-11-11 00:00:00.000,system,2019-03-19 10:07:02.660,25wmsadm1
169,25,Rokan Hulu,2018-11-12 00:00:00.000,system,NULL,NULL
170,25,SIAK,2018-11-13 00:00:00.000,system,2019-03-19 10:08:14.587,25wmsadm1
171,25,PERAWANG,2018-11-14 00:00:00.000,system,2019-03-19 10:07:28.663,25wmsadm1
172,25,KERINCI,2018-11-15 00:00:00.000,system,2019-03-19 10:07:45.693,25wmsadm1
173,25,BANGKINANG,2018-11-16 00:00:00.000,system,2019-05-13 19:24:10.007,25wmsadm1
174,27,Aceh Barat,2018-11-17 00:00:00.000,system,NULL,NULL
175,27,Aceh Besar,2018-11-19 00:00:00.000,system,NULL,NULL
176,27,Aceh Jaya,2018-11-20 00:00:00.000,system,NULL,NULL
177,27,Aceh Selatan,2018-11-21 00:00:00.000,system,NULL,NULL
178,27,Aceh Singkil,2018-11-22 00:00:00.000,system,NULL,NULL
179,27,Aceh Tamiang,2018-11-23 00:00:00.000,system,NULL,NULL
180,27,Aceh Tengah,2018-11-24 00:00:00.000,system,NULL,NULL
181,27,Aceh Tenggara,2018-11-25 00:00:00.000,system,NULL,NULL
182,27,Aceh Timur,2018-11-26 00:00:00.000,system,NULL,NULL
183,27,Aceh Utara,2018-11-27 00:00:00.000,system,NULL,NULL
184,27,Asahan,2018-11-28 00:00:00.000,system,NULL,NULL
185,27,Banda Aceh,2018-11-29 00:00:00.000,system,NULL,NULL
186,27,Batu Bara,2018-11-30 00:00:00.000,system,NULL,NULL
187,27,Bener Meriah Aceh,2018-12-01 00:00:00.000,system,NULL,NULL
188,27,Binjai,2018-12-02 00:00:00.000,system,NULL,NULL
189,27,Bireuen Aceh,2018-12-03 00:00:00.000,system,NULL,NULL
190,27,Dairi,2018-12-04 00:00:00.000,system,NULL,NULL
191,27,Deli Serdang,2018-12-05 00:00:00.000,system,NULL,NULL
192,27,Gayo Lues Aceh,2018-12-06 00:00:00.000,system,NULL,NULL
193,27,Gunung Sitoli,2018-12-07 00:00:00.000,system,NULL,NULL
194,27,Humbang Hasundutan,2018-12-08 00:00:00.000,system,NULL,NULL
195,27,Karo,2018-12-09 00:00:00.000,system,NULL,NULL
196,27,Labuhan Batu,2018-12-10 00:00:00.000,system,NULL,NULL
197,27,Labuhan Batu Selatan,2018-12-11 00:00:00.000,system,NULL,NULL
198,27,Labuhan Batu Utara,2018-12-12 00:00:00.000,system,NULL,NULL
199,27,Langkat,2018-12-13 00:00:00.000,system,NULL,NULL
200,27,Langsa Aceh,2018-12-14 00:00:00.000,system,NULL,NULL
201,27,Lhokseumawe Aceh,2018-12-15 00:00:00.000,system,NULL,NULL
202,27,Mandailing Natal,2018-12-16 00:00:00.000,system,NULL,NULL
203,27,Medan,2018-12-17 00:00:00.000,system,NULL,NULL
204,27,Nagan Raya Aceh,2018-12-18 00:00:00.000,system,NULL,NULL
205,27,Nias,2018-12-19 00:00:00.000,system,NULL,NULL
206,27,Nias Barat,2018-12-20 00:00:00.000,system,NULL,NULL
207,27,Nias Selatan,2018-12-21 00:00:00.000,system,NULL,NULL
208,27,Nias Utara,2018-12-22 00:00:00.000,system,NULL,NULL
209,27,Padang Lawas,2018-12-23 00:00:00.000,system,NULL,NULL
210,27,Padang Lawas Utara,2018-12-24 00:00:00.000,system,NULL,NULL
211,27,Padang Sidimpuan,2018-12-25 00:00:00.000,system,NULL,NULL
212,27,Pakpak Bharat,2018-12-26 00:00:00.000,system,NULL,NULL
213,27,Pematang Siantar,2018-12-27 00:00:00.000,system,NULL,NULL
214,27,Pidie Aceh,2018-12-28 00:00:00.000,system,NULL,NULL
215,27,Pidie Jaya Aceh,2018-12-29 00:00:00.000,system,NULL,NULL
216,27,Sabang Aceh,2018-12-30 00:00:00.000,system,NULL,NULL
217,27,Samosir,2018-12-31 00:00:00.000,system,NULL,NULL
218,27,Serdang Bedagai,2019-01-01 00:00:00.000,system,NULL,NULL
219,27,Sibolga,2019-01-02 00:00:00.000,system,NULL,NULL
220,27,Simalungun,2019-01-03 00:00:00.000,system,NULL,NULL
221,27,Simeulue,2019-01-04 00:00:00.000,system,NULL,NULL
222,27,Subulussalam Aceh,2019-01-05 00:00:00.000,system,NULL,NULL
223,27,Tanjung Balai,2019-01-06 00:00:00.000,system,NULL,NULL
224,27,Tapanuli Selatan,2019-01-07 00:00:00.000,system,NULL,NULL
225,27,Tapanuli Tengah,2019-01-08 00:00:00.000,system,NULL,NULL
226,27,Tapanuli Utara,2019-01-09 00:00:00.000,system,NULL,NULL
227,27,Tebing Tinggi,2019-01-10 00:00:00.000,system,NULL,NULL
228,27,Toba Samosir,2019-01-11 00:00:00.000,system,NULL,NULL
229,27,z Other City,2019-01-12 00:00:00.000,system,NULL,NULL
230,27,z Outside Kabupaten,2019-01-13 00:00:00.000,system,NULL,NULL
231,27,z Outside Propinsi,2019-01-14 00:00:00.000,system,NULL,NULL
232,29,Bandar Lampung,2019-01-15 00:00:00.000,system,NULL,NULL
233,29,Lampung Barat,2019-01-16 00:00:00.000,system,2019-03-22 17:00:25.260,29wmsadm1
234,29,Lampung Selatan,2019-01-17 00:00:00.000,system,NULL,NULL
235,29,Lampung Tengah,2019-01-18 00:00:00.000,system,NULL,NULL
236,29,Lampung Timur,2019-01-19 00:00:00.000,system,NULL,NULL
237,29,Lampung Utara,2019-01-20 00:00:00.000,system,NULL,NULL
238,29,Mesuji,2019-01-21 00:00:00.000,system,NULL,NULL
239,29,Metro,2019-01-22 00:00:00.000,system,NULL,NULL
240,29,Pasawaran,2019-01-23 00:00:00.000,system,NULL,NULL
241,29,Pesisir Barat,2019-01-24 00:00:00.000,system,NULL,NULL
242,29,Pringsewu,2019-01-25 00:00:00.000,system,NULL,NULL
243,29,Tanggamus,2019-01-26 00:00:00.000,system,NULL,NULL
244,29,Tulang Bawang,2019-01-27 00:00:00.000,system,2019-03-21 15:33:12.030,29wmsadm1
245,29,Tulang Bawang Barat,2019-01-28 00:00:00.000,system,2019-03-30 14:38:03.307,29wmsadm1
246,29,Way Kanan,2019-01-29 00:00:00.000,system,NULL,NULL
247,29,z Other City,2019-01-30 00:00:00.000,system,NULL,NULL
248,29,z Outside Kabupaten,2019-01-31 00:00:00.000,system,NULL,NULL
249,29,z Outside Propinsi,2019-02-01 00:00:00.000,system,NULL,NULL
250,33,Batanghari,2019-02-02 00:00:00.000,system,NULL,NULL
251,33,Bungo,2019-02-03 00:00:00.000,system,NULL,NULL
252,33,Jambi,2019-02-04 00:00:00.000,system,NULL,NULL
253,33,Kerinci,2019-02-05 00:00:00.000,system,NULL,NULL
254,33,Merangin,2019-02-06 00:00:00.000,system,NULL,NULL
255,33,Muaro Jambi,2019-02-07 00:00:00.000,system,NULL,NULL
256,33,Sarolangun,2019-02-08 00:00:00.000,system,NULL,NULL
257,33,Sungai Penuh,2019-02-09 00:00:00.000,system,NULL,NULL
258,33,Tanjung Jabung Barat,2019-02-10 00:00:00.000,system,NULL,NULL
259,33,Tanjung Jabung Timur,2019-02-11 00:00:00.000,system,NULL,NULL
260,33,Tebo,2019-02-12 00:00:00.000,system,NULL,NULL
261,33,z Other City,2019-02-13 00:00:00.000,system,NULL,NULL
262,33,z Outside Kabupaten,2019-02-14 00:00:00.000,system,NULL,NULL
263,33,z Outside Propinsi,2019-02-15 00:00:00.000,system,NULL,NULL
264,38,Cilegon,2019-02-16 00:00:00.000,system,NULL,NULL
265,38,Lebak,2019-02-17 00:00:00.000,system,NULL,NULL
266,38,Pandeglang,2019-02-18 00:00:00.000,system,NULL,NULL
267,38,Serang,2019-02-19 00:00:00.000,system,NULL,NULL
268,38,Tangerang,2019-02-20 00:00:00.000,system,NULL,NULL
269,38,Tangerang Selatan,2019-02-21 00:00:00.000,system,NULL,NULL
270,38,z Other City,2019-02-22 00:00:00.000,system,NULL,NULL
271,38,z Outside Kabupaten,2019-02-23 00:00:00.000,system,NULL,NULL
272,38,z Outside Propinsi,2019-02-24 00:00:00.000,system,NULL,NULL
273,39,Ajung,2019-02-25 00:00:00.000,system,NULL,NULL
274,39,Ambulu,2019-02-26 00:00:00.000,system,NULL,NULL
275,39,Arjasa,2019-02-27 00:00:00.000,system,NULL,NULL
279,39,Banyuwangi kota,2019-03-03 00:00:00.000,system,NULL,NULL
283,39,Bondowoso kota,2019-03-07 00:00:00.000,system,NULL,NULL
287,39,Jember kota,2019-03-11 00:00:00.000,system,NULL,NULL
288,39,Jenggawah,2019-03-12 00:00:00.000,system,NULL,NULL
290,39,Kalisat,2019-03-14 00:00:00.000,system,NULL,NULL
291,39,Kaliwates,2019-03-15 00:00:00.000,system,NULL,NULL
296,39,Lumajang kota,2019-03-20 00:00:00.000,system,NULL,NULL
300,39,Mayang,2019-03-24 00:00:00.000,system,NULL,NULL
311,39,Probolinggo kota,2019-04-04 00:00:00.000,system,NULL,NULL
313,39,Rambipuji,2019-04-06 00:00:00.000,system,NULL,NULL
315,39,Semboro,2019-04-08 00:00:00.000,system,NULL,NULL
317,39,Silo,2019-04-10 00:00:00.000,system,NULL,NULL
318,39,Situbondo kota,2019-04-11 00:00:00.000,system,NULL,NULL
319,39,Sukorambi,2019-04-12 00:00:00.000,system,NULL,NULL
320,39,Sukowono,2019-04-13 00:00:00.000,system,NULL,NULL
321,39,Sumberbaru,2019-04-14 00:00:00.000,system,NULL,NULL
325,39,Tanggul,2019-04-18 00:00:00.000,system,NULL,NULL
330,39,Umbulsari,2019-04-23 00:00:00.000,system,NULL,NULL
331,39,Wuluhan,2019-04-24 00:00:00.000,system,NULL,NULL
332,39,z Other City,2019-04-25 00:00:00.000,system,NULL,NULL
333,39,z Outside Kabupaten,2019-04-26 00:00:00.000,system,NULL,NULL
334,39,z Outside Propinsi,2019-04-27 00:00:00.000,system,NULL,NULL
335,23,Banyuasin,2018-09-21 00:00:00.000,system,NULL,NULL
336,23,Empat Lawang,2018-09-22 00:00:00.000,system,NULL,NULL
337,23,LAHAT,2018-09-23 00:00:00.000,system,2020-04-28 15:34:49.497,23wmsadm1
338,23,Lubuklinggau,2018-09-24 00:00:00.000,system,NULL,NULL
339,23,Muara Enim,2018-09-25 00:00:00.000,system,NULL,NULL
340,23,Musi Banyuasin,2018-09-26 00:00:00.000,system,NULL,NULL
341,23,Musi Rawas,2018-09-27 00:00:00.000,system,NULL,NULL
342,23,Musi Rawas Utara,2018-09-28 00:00:00.000,system,NULL,NULL
343,23,Ogan Ilir,2018-09-29 00:00:00.000,system,NULL,NULL
344,15,Ambarawa kota,2018-09-21 00:00:00.000,system,NULL,NULL
345,15,Bancak,2018-09-22 00:00:00.000,system,NULL,NULL
346,15,Bandungan,2018-09-23 00:00:00.000,system,NULL,NULL
347,15,Banjarnegara kota,2018-09-24 00:00:00.000,system,NULL,NULL
348,15,Banyubiru,2018-09-25 00:00:00.000,system,NULL,NULL
349,15,Banyumanik,2018-09-26 00:00:00.000,system,NULL,NULL
350,15,Batang kota,2018-09-27 00:00:00.000,system,NULL,NULL
351,15,Bawen,2018-09-28 00:00:00.000,system,NULL,NULL
352,15,Bergas,2018-09-29 00:00:00.000,system,NULL,NULL
353,15,Blora kota,2018-09-30 00:00:00.000,system,NULL,NULL
354,15,Boyolali kota,2018-10-01 00:00:00.000,system,NULL,NULL
355,15,Brebes kota,2018-10-02 00:00:00.000,system,NULL,NULL
356,15,Bringin,2018-10-03 00:00:00.000,system,NULL,NULL
357,15,Candisari,2018-10-04 00:00:00.000,system,NULL,NULL
358,15,Demak kota,2018-10-05 00:00:00.000,system,NULL,NULL
359,15,Gajahmungkur,2018-10-06 00:00:00.000,system,NULL,NULL
360,15,Gayamsari,2018-10-07 00:00:00.000,system,NULL,NULL
361,15,Genuk,2018-10-08 00:00:00.000,system,NULL,NULL
362,15,Getasan,2018-10-09 00:00:00.000,system,NULL,NULL
363,15,Grobogan kota,2018-10-10 00:00:00.000,system,NULL,NULL
364,15,Gunungpati,2018-10-11 00:00:00.000,system,NULL,NULL
365,15,Jambu,2018-10-12 00:00:00.000,system,NULL,NULL
366,15,Jepara kota,2018-10-13 00:00:00.000,system,NULL,NULL
367,15,Kaliwungu,2018-10-14 00:00:00.000,system,NULL,NULL
368,15,Karanganyar kota,2018-10-15 00:00:00.000,system,NULL,NULL
369,15,Kebumen kota,2018-10-16 00:00:00.000,system,NULL,NULL
370,15,Kendal kota,2018-10-17 00:00:00.000,system,NULL,NULL
371,15,Klaten kota,2018-10-18 00:00:00.000,system,NULL,NULL
372,15,Kudus kota,2018-10-19 00:00:00.000,system,NULL,NULL
373,15,Mijen,2018-10-20 00:00:00.000,system,NULL,NULL
374,15,Ngaliyan,2018-10-21 00:00:00.000,system,NULL,NULL
375,15,Pabelan,2018-10-22 00:00:00.000,system,NULL,NULL
376,15,Pati kota,2018-10-23 00:00:00.000,system,NULL,NULL
377,15,Pedurungan,2018-10-24 00:00:00.000,system,NULL,NULL
378,15,Pekalongan kota,2018-10-25 00:00:00.000,system,NULL,NULL
379,15,Pemalang kota,2018-10-26 00:00:00.000,system,NULL,NULL
380,15,Pringapus,2018-10-27 00:00:00.000,system,NULL,NULL
381,15,Purbalingga kota,2018-10-28 00:00:00.000,system,NULL,NULL
382,15,Rembang kota,2018-10-29 00:00:00.000,system,NULL,NULL
383,15,Salatiga kota,2018-10-30 00:00:00.000,system,NULL,NULL
384,15,Semarang Barat,2018-10-31 00:00:00.000,system,NULL,NULL
385,15,Semarang Selatan,2018-11-01 00:00:00.000,system,NULL,NULL
386,15,Semarang Tengah,2018-11-02 00:00:00.000,system,NULL,NULL
387,15,Semarang Timur,2018-11-03 00:00:00.000,system,NULL,NULL
388,15,Semarang Utara,2018-11-04 00:00:00.000,system,NULL,NULL
389,15,Sragen kota,2018-11-05 00:00:00.000,system,NULL,NULL
390,15,Sukoharjo kota,2018-11-06 00:00:00.000,system,NULL,NULL
391,15,Sumowono,2018-11-07 00:00:00.000,system,NULL,NULL
392,15,Suruh,2018-11-08 00:00:00.000,system,NULL,NULL
393,15,Susukan,2018-11-09 00:00:00.000,system,NULL,NULL
394,15,Tegal kota,2018-11-10 00:00:00.000,system,NULL,NULL
395,15,Temanggung kota,2018-11-11 00:00:00.000,system,NULL,NULL
396,15,Tembalang,2018-11-12 00:00:00.000,system,NULL,NULL
397,15,Tengaran,2018-11-13 00:00:00.000,system,NULL,NULL
398,15,Tugu,2018-11-14 00:00:00.000,system,NULL,NULL
399,15,Tuntang,2018-11-15 00:00:00.000,system,NULL,NULL
400,15,Ungaran Barat,2018-11-16 00:00:00.000,system,NULL,NULL
401,15,Ungaran kota,2018-11-17 00:00:00.000,system,NULL,NULL
402,15,Ungaran Timur,2018-11-18 00:00:00.000,system,NULL,NULL
403,15,Wonogiri kota,2018-11-19 00:00:00.000,system,NULL,NULL
404,15,Wonosobo kota,2018-11-20 00:00:00.000,system,NULL,NULL
405,15,z Other City,2018-11-21 00:00:00.000,system,NULL,NULL
406,15,z Outside Kabupaten,2018-11-22 00:00:00.000,system,NULL,NULL
407,15,z Outside Propinsi,2018-11-23 00:00:00.000,system,NULL,NULL
410,16,BANJARSARI SURAKARTA,2018-11-26 00:00:00.000,system,2019-09-09 17:12:47.547,16wmsadm1
411,16,BANTUL,2018-11-27 00:00:00.000,system,2019-09-09 17:10:06.717,16wmsadm1
427,16,Jebres Surakarta,2018-12-13 00:00:00.000,system,NULL,NULL
429,16,PUCANGSAWIT SOLO,2018-12-15 00:00:00.000,system,2019-09-14 14:24:35.017,16wmsadm1
432,16,KASIHAN,2018-12-18 00:00:00.000,system,2019-09-09 14:29:17.817,16wmsadm1
433,16,Kebumen kota,2018-12-19 00:00:00.000,system,NULL,NULL
434,16,PUCANGAN SOLO,2018-12-20 00:00:00.000,system,2019-09-09 17:14:57.143,16wmsadm1
439,16,BAKI SUKOHARJO,2018-12-25 00:00:00.000,system,2019-09-17 13:47:15.157,16wmsadm1
441,16,MAGELANG KOTA,2018-12-27 00:00:00.000,system,2019-09-09 14:28:14.367,16wmsadm1
445,16,MLATI,2019-01-01 00:00:00.000,system,2019-09-09 14:40:15.487,16wmsadm1
460,16,Pasar Kliwon Surakarta,2019-01-16 00:00:00.000,system,NULL,NULL
467,16,Prambanan,2019-01-23 00:00:00.000,system,NULL,NULL
469,16,PURWOREJO KOTA,2019-01-25 00:00:00.000,system,2019-09-09 14:26:47.380,16wmsadm1
470,16,Purwosari,2019-01-26 00:00:00.000,system,NULL,NULL
480,16,Sewon,2019-02-05 00:00:00.000,system,NULL,NULL
481,16,SOLO BARU,2019-02-06 00:00:00.000,system,2019-09-09 17:09:27.290,16wmsadm1
482,16,SLEMAN,2019-02-07 00:00:00.000,system,2019-09-09 14:24:36.840,16wmsadm1
484,16,SUKOHARJO KOTA,2019-02-09 00:00:00.000,system,2019-09-09 14:25:23.643,16wmsadm1
488,16,Tempel,2019-02-13 00:00:00.000,system,NULL,NULL
492,16,Wates,2019-02-17 00:00:00.000,system,NULL,NULL
494,16,WONOSARI,2019-02-19 00:00:00.000,system,2019-09-09 17:13:46.517,16wmsadm1
495,16,z Other City,2019-02-20 00:00:00.000,system,NULL,NULL
496,16,z Outside Kabupaten,2019-02-21 00:00:00.000,system,NULL,NULL
497,16,z Outside Propinsi,2019-02-22 00:00:00.000,system,NULL,NULL
498,17,Ajibarang,2019-02-23 00:00:00.000,system,NULL,NULL
499,17,Banyumas,2019-02-24 00:00:00.000,system,NULL,NULL
500,17,Baturaden,2019-02-25 00:00:00.000,system,NULL,NULL
501,17,Cilacap kota,2019-02-26 00:00:00.000,system,NULL,NULL
502,17,Cilongok,2019-02-27 00:00:00.000,system,NULL,NULL
503,17,Gumelar,2019-02-28 00:00:00.000,system,NULL,NULL
504,17,Jatilawang,2019-03-01 00:00:00.000,system,NULL,NULL
505,17,Kalibagor,2019-03-02 00:00:00.000,system,NULL,NULL
506,17,Karanglewas,2019-03-03 00:00:00.000,system,NULL,NULL
507,17,Kebasen,2019-03-04 00:00:00.000,system,NULL,NULL
508,17,Kebumen kota,2019-03-05 00:00:00.000,system,NULL,NULL
509,17,Kedung Banteng,2019-03-06 00:00:00.000,system,NULL,NULL
510,17,Kembaran,2019-03-07 00:00:00.000,system,NULL,NULL
511,17,Kemranjen,2019-03-08 00:00:00.000,system,NULL,NULL
512,17,Lumbir,2019-03-09 00:00:00.000,system,NULL,NULL
513,17,Patikraja,2019-03-10 00:00:00.000,system,NULL,NULL
514,17,Pekuncen,2019-03-11 00:00:00.000,system,NULL,NULL
515,17,Purbalingga kota,2019-03-12 00:00:00.000,system,NULL,NULL
516,17,Purwojati,2019-03-13 00:00:00.000,system,NULL,NULL
517,17,Purwokerto Barat,2019-03-14 00:00:00.000,system,NULL,NULL
518,17,Purwokerto Selatan,2019-03-15 00:00:00.000,system,NULL,NULL
519,17,Purwokerto Timur,2019-03-16 00:00:00.000,system,NULL,NULL
520,17,Purwokerto Utara,2019-03-17 00:00:00.000,system,NULL,NULL
521,17,Rawalo,2019-03-18 00:00:00.000,system,NULL,NULL
522,17,Sokaraja,2019-03-19 00:00:00.000,system,NULL,NULL
523,17,Somagede,2019-03-20 00:00:00.000,system,NULL,NULL
524,17,Sumbang,2019-03-21 00:00:00.000,system,NULL,NULL
525,17,Sumpiuh,2019-03-22 00:00:00.000,system,NULL,NULL
526,17,Tambak,2019-03-23 00:00:00.000,system,NULL,NULL
527,17,Wangon,2019-03-24 00:00:00.000,system,NULL,NULL
528,17,z Other City,2019-03-25 00:00:00.000,system,NULL,NULL
529,17,z Outside Kabupaten,2019-03-26 00:00:00.000,system,NULL,NULL
530,17,z Outside Propinsi,2019-03-27 00:00:00.000,system,NULL,NULL
531,18,Badas,2019-03-28 00:00:00.000,system,NULL,NULL
532,18,Bangkalan,2019-03-29 00:00:00.000,system,NULL,NULL
533,18,Banyakan,2019-03-30 00:00:00.000,system,NULL,NULL
534,18,Banyuwangi kota,2019-03-31 00:00:00.000,system,NULL,NULL
535,18,Batu kota,2019-04-01 00:00:00.000,system,NULL,NULL
536,18,Blitar kota,2019-04-02 00:00:00.000,system,NULL,NULL
537,18,Bojonegoro,2019-04-03 00:00:00.000,system,NULL,NULL
538,18,Bondowoso,2019-04-04 00:00:00.000,system,NULL,NULL
539,18,Gampengrejo,2019-04-05 00:00:00.000,system,NULL,NULL
540,18,Gresik kota,2019-04-06 00:00:00.000,system,NULL,NULL
541,18,Grogol,2019-04-07 00:00:00.000,system,NULL,NULL
542,18,Gurah,2019-04-08 00:00:00.000,system,NULL,NULL
543,18,Jember kota,2019-04-09 00:00:00.000,system,NULL,NULL
544,18,Jombang kota,2019-04-10 00:00:00.000,system,NULL,NULL
545,18,Kandangan,2019-04-11 00:00:00.000,system,NULL,NULL
546,18,Kandat,2019-04-12 00:00:00.000,system,NULL,NULL
547,18,Kayen Kidul,2019-04-13 00:00:00.000,system,NULL,NULL
548,18,Kediri kota,2019-04-14 00:00:00.000,system,NULL,NULL
549,18,Kepung,2019-04-15 00:00:00.000,system,NULL,NULL
550,18,Kras,2019-04-16 00:00:00.000,system,NULL,NULL
551,18,Kunjang,2019-04-17 00:00:00.000,system,NULL,NULL
552,18,Lamongan kota,2019-04-18 00:00:00.000,system,NULL,NULL
553,18,Lumajang kota,2019-04-19 00:00:00.000,system,NULL,NULL
554,18,Madiun kota,2019-04-20 00:00:00.000,system,NULL,NULL
555,18,Magetan,2019-04-21 00:00:00.000,system,NULL,NULL
556,18,Malang kota,2019-04-22 00:00:00.000,system,NULL,NULL
557,18,Mojo,2019-04-23 00:00:00.000,system,NULL,NULL
558,18,Mojokerto kota,2019-04-24 00:00:00.000,system,NULL,NULL
559,18,Mojoroto,2019-04-25 00:00:00.000,system,NULL,NULL
560,18,Ngadiluwih,2019-04-26 00:00:00.000,system,NULL,NULL
561,18,Ngancar,2019-04-27 00:00:00.000,system,NULL,NULL
562,18,Nganjuk,2019-04-28 00:00:00.000,system,NULL,NULL
563,18,Ngasem,2019-04-29 00:00:00.000,system,NULL,NULL
564,18,Ngawi,2019-04-30 00:00:00.000,system,NULL,NULL
565,18,Pacitan kota,2019-05-01 00:00:00.000,system,NULL,NULL
566,18,Pagu,2019-05-02 00:00:00.000,system,NULL,NULL
567,18,Pamekasan,2019-05-03 00:00:00.000,system,NULL,NULL
568,18,Papar,2019-05-04 00:00:00.000,system,NULL,NULL
569,18,Pare,2019-05-05 00:00:00.000,system,NULL,NULL
570,18,Pasuruan kota,2019-05-06 00:00:00.000,system,NULL,NULL
571,18,Pesantren,2019-05-07 00:00:00.000,system,NULL,NULL
572,18,Plemahan,2019-05-08 00:00:00.000,system,NULL,NULL
573,18,Plosoklaten,2019-05-09 00:00:00.000,system,NULL,NULL
574,18,Ponorogo kota,2019-05-10 00:00:00.000,system,NULL,NULL
575,18,Probolinggo kota,2019-05-11 00:00:00.000,system,NULL,NULL
576,18,Puncu,2019-05-12 00:00:00.000,system,NULL,NULL
577,18,Purwoasri,2019-05-13 00:00:00.000,system,NULL,NULL
578,18,Ringinrejo,2019-05-14 00:00:00.000,system,NULL,NULL
579,18,Sampang,2019-05-15 00:00:00.000,system,NULL,NULL
580,18,Semen,2019-05-16 00:00:00.000,system,NULL,NULL
581,18,Sidoarjo kota,2019-05-17 00:00:00.000,system,NULL,NULL
582,18,Situbondo kota,2019-05-18 00:00:00.000,system,NULL,NULL
583,18,Sumenep,2019-05-19 00:00:00.000,system,NULL,NULL
584,18,Surabaya kota,2019-05-20 00:00:00.000,system,NULL,NULL
585,18,Tarokan,2019-05-21 00:00:00.000,system,NULL,NULL
586,18,Trenggalek kota,2019-05-22 00:00:00.000,system,NULL,NULL
587,18,Tuban kota,2019-05-23 00:00:00.000,system,NULL,NULL
588,18,Tulungagung kota,2019-05-24 00:00:00.000,system,NULL,NULL
589,18,Wates,2019-05-25 00:00:00.000,system,NULL,NULL
590,18,z Other City,2019-05-26 00:00:00.000,system,NULL,NULL
591,18,z Outside Kabupaten,2019-05-27 00:00:00.000,system,NULL,NULL
592,18,z Outside Propinsi,2019-05-28 00:00:00.000,system,NULL,NULL
593,19,Asemrowo,2019-05-29 00:00:00.000,system,NULL,NULL
594,19,Bangkalan,2019-05-30 00:00:00.000,system,NULL,NULL
595,19,Banyuwangi kota,2019-05-31 00:00:00.000,system,NULL,NULL
596,19,Batu kota,2019-06-01 00:00:00.000,system,NULL,NULL
597,19,Benowo,2019-06-02 00:00:00.000,system,NULL,NULL
598,19,Blitar kota,2019-06-03 00:00:00.000,system,NULL,NULL
599,19,Bojonegoro,2019-06-04 00:00:00.000,system,NULL,NULL
600,19,Bondowoso,2019-06-05 00:00:00.000,system,NULL,NULL
601,19,Bubutan,2019-06-06 00:00:00.000,system,NULL,NULL
602,19,Bulak,2019-06-07 00:00:00.000,system,NULL,NULL
603,19,Dukuh Pakis,2019-06-08 00:00:00.000,system,NULL,NULL
604,19,Gayungan,2019-06-09 00:00:00.000,system,NULL,NULL
605,19,Genteng,2019-06-10 00:00:00.000,system,NULL,NULL
606,19,Gresik kota,2019-06-11 00:00:00.000,system,NULL,NULL
607,19,Gubeng,2019-06-12 00:00:00.000,system,NULL,NULL
608,19,Gununganyar,2019-06-13 00:00:00.000,system,NULL,NULL
609,19,Jambangan,2019-06-14 00:00:00.000,system,NULL,NULL
610,19,Jember kota,2019-06-15 00:00:00.000,system,NULL,NULL
611,19,Jombang kota,2019-06-16 00:00:00.000,system,NULL,NULL
612,19,Karangpilang,2019-06-17 00:00:00.000,system,NULL,NULL
613,19,Kediri kota,2019-06-18 00:00:00.000,system,NULL,NULL
614,19,Kenjeran,2019-06-19 00:00:00.000,system,NULL,NULL
615,19,Krembangan,2019-06-20 00:00:00.000,system,NULL,NULL
616,19,Lakar Santri,2019-06-21 00:00:00.000,system,NULL,NULL
617,19,Lamongan kota,2019-06-22 00:00:00.000,system,NULL,NULL
618,19,Lumajang,2019-06-23 00:00:00.000,system,NULL,NULL
619,19,Madiun kota,2019-06-24 00:00:00.000,system,NULL,NULL
620,19,Magetan,2019-06-25 00:00:00.000,system,NULL,NULL
621,19,Malang kota,2019-06-26 00:00:00.000,system,NULL,NULL
622,19,Mojokerto,2019-06-27 00:00:00.000,system,NULL,NULL
623,19,Mulyorejo,2019-06-28 00:00:00.000,system,NULL,NULL
624,19,Nganjuk,2019-06-29 00:00:00.000,system,NULL,NULL
625,19,Ngawi,2019-06-30 00:00:00.000,system,NULL,NULL
626,19,Pabean Cantikan,2019-07-01 00:00:00.000,system,NULL,NULL
627,19,Pacitan kota,2019-07-02 00:00:00.000,system,NULL,NULL
628,19,Pakal,2019-07-03 00:00:00.000,system,NULL,NULL
629,19,Pamekasan,2019-07-04 00:00:00.000,system,NULL,NULL
630,19,Pasuruan kota,2019-07-05 00:00:00.000,system,NULL,NULL
631,19,Ponorogo kota,2019-07-06 00:00:00.000,system,NULL,NULL
632,19,Probolinggo kota,2019-07-07 00:00:00.000,system,NULL,NULL
633,19,Rungkut,2019-07-08 00:00:00.000,system,NULL,NULL
634,19,Sambikerep,2019-07-09 00:00:00.000,system,NULL,NULL
635,19,Sampang,2019-07-10 00:00:00.000,system,NULL,NULL
636,19,Sawahan,2019-07-11 00:00:00.000,system,NULL,NULL
637,19,Semampir,2019-07-12 00:00:00.000,system,NULL,NULL
638,19,Sidoarjo kota,2019-07-13 00:00:00.000,system,NULL,NULL
639,19,Simokerto,2019-07-14 00:00:00.000,system,NULL,NULL
640,19,Situbondo,2019-07-15 00:00:00.000,system,NULL,NULL
641,19,Sukolilo,2019-07-16 00:00:00.000,system,NULL,NULL
642,19,Sukomanunggal,2019-07-17 00:00:00.000,system,NULL,NULL
643,19,Sumenep,2019-07-18 00:00:00.000,system,NULL,NULL
644,19,Surabaya kota,2019-07-19 00:00:00.000,system,NULL,NULL
645,19,Tambaksari,2019-07-20 00:00:00.000,system,NULL,NULL
646,19,Tandes,2019-07-21 00:00:00.000,system,NULL,NULL
647,19,Tegalsari,2019-07-22 00:00:00.000,system,NULL,NULL
648,19,Tenggilis Mejoyo,2019-07-23 00:00:00.000,system,NULL,NULL
649,19,Trenggalek,2019-07-24 00:00:00.000,system,NULL,NULL
650,19,Tuban kota,2019-07-25 00:00:00.000,system,NULL,NULL
651,19,Tulungagung kota,2019-07-26 00:00:00.000,system,NULL,NULL
652,19,Wiyung,2019-07-27 00:00:00.000,system,NULL,NULL
653,19,Wonocolo,2019-07-28 00:00:00.000,system,NULL,NULL
654,19,Wonokromo,2019-07-29 00:00:00.000,system,NULL,NULL
655,19,z Other City,2019-07-30 00:00:00.000,system,NULL,NULL
656,19,z Outside Kabupaten,2019-07-31 00:00:00.000,system,NULL,NULL
657,19,z Outside Propinsi,2019-08-01 00:00:00.000,system,NULL,NULL
659,20,"Abiansemal ",2019-08-03 00:00:00.000,system,NULL,NULL
703,20,"Bangli ",2019-09-16 00:00:00.000,system,NULL,NULL
711,20,"Baturiti ",2019-09-24 00:00:00.000,system,NULL,NULL
736,20,Buleleng,2019-10-19 00:00:00.000,system,NULL,NULL
744,20,Denpasar Barat,2019-10-27 00:00:00.000,system,NULL,NULL
745,20,Denpasar Selatan,2019-10-28 00:00:00.000,system,NULL,NULL
746,20,Denpasar Timur,2019-10-29 00:00:00.000,system,NULL,NULL
747,20,Denpasar Utara,2019-10-30 00:00:00.000,system,NULL,NULL
768,20,Gianyar,2019-11-20 00:00:00.000,system,NULL,NULL
800,20,Karang Asem,2019-12-22 00:00:00.000,system,NULL,NULL
818,20,Kintamani,2020-01-09 00:00:00.000,system,NULL,NULL
819,20,"Klungkung ",2020-01-10 00:00:00.000,system,NULL,NULL
850,20,"Kuta Badung  ",2020-02-11 00:00:00.000,system,NULL,NULL
851,20,Kuta Selatan,2020-02-12 00:00:00.000,system,NULL,NULL
852,20,"Kuta Utara ",2020-02-13 00:00:00.000,system,NULL,NULL
1128,14,Harjamukti,2020-11-14 00:00:00.000,system,NULL,NULL
1129,14,Kejaksan,2020-11-15 00:00:00.000,system,NULL,NULL
1130,14,Kesambi,2020-11-16 00:00:00.000,system,NULL,NULL
1131,14,Lemahwungkuk,2020-11-17 00:00:00.000,system,NULL,NULL
1132,14,Pekalipan,2020-11-18 00:00:00.000,system,NULL,NULL
1133,14,Arjawinangun,2020-11-19 00:00:00.000,system,NULL,NULL
1134,14,Astanajapura,2020-11-20 00:00:00.000,system,NULL,NULL
1135,14,Babakan,2020-11-21 00:00:00.000,system,NULL,NULL
1136,14,Beber,2020-11-22 00:00:00.000,system,NULL,NULL
1137,14,Ciledug,2020-11-23 00:00:00.000,system,NULL,NULL
1138,14,Ciwaringin,2020-11-24 00:00:00.000,system,NULL,NULL
1139,14,Depok,2020-11-25 00:00:00.000,system,NULL,NULL
1140,14,Dukupuntang,2020-11-26 00:00:00.000,system,NULL,NULL
1141,14,Gebang,2020-11-27 00:00:00.000,system,NULL,NULL
1142,14,Gegesik,2020-11-28 00:00:00.000,system,NULL,NULL
1143,14,Gempol,2020-11-29 00:00:00.000,system,NULL,NULL
1144,14,Greged (Greget),2020-11-30 00:00:00.000,system,NULL,NULL
1145,14,Gunung Jati (Cirebon Utara),2020-12-01 00:00:00.000,system,NULL,NULL
1146,14,Jamblang,2020-12-02 00:00:00.000,system,NULL,NULL
1147,14,Kaliwedi,2020-12-03 00:00:00.000,system,NULL,NULL
1148,14,Kapetakan,2020-12-04 00:00:00.000,system,NULL,NULL
1149,14,Karangsembung,2020-12-05 00:00:00.000,system,NULL,NULL
1150,14,Karangwareng,2020-12-06 00:00:00.000,system,NULL,NULL
1151,14,Kedawung (Cirebon Barat),2020-12-07 00:00:00.000,system,NULL,NULL
1152,14,Klangenan,2020-12-08 00:00:00.000,system,NULL,NULL
1153,14,Lemahabang,2020-12-09 00:00:00.000,system,NULL,NULL
1154,14,Losari,2020-12-10 00:00:00.000,system,NULL,NULL
1155,14,Mundu,2020-12-11 00:00:00.000,system,NULL,NULL
1156,14,Pabedilan,2020-12-12 00:00:00.000,system,NULL,NULL
1157,14,Pabuaran,2020-12-13 00:00:00.000,system,NULL,NULL
1158,14,Palimanan,2020-12-14 00:00:00.000,system,NULL,NULL
1159,14,Pangenan,2020-12-15 00:00:00.000,system,NULL,NULL
1160,14,Panguragan,2020-12-16 00:00:00.000,system,NULL,NULL
1161,14,Pasaleman,2020-12-17 00:00:00.000,system,NULL,NULL
1162,14,Plered,2020-12-18 00:00:00.000,system,NULL,NULL
1163,14,Plumbon,2020-12-19 00:00:00.000,system,NULL,NULL
1164,14,Sedong,2020-12-20 00:00:00.000,system,NULL,NULL
1165,14,Sumber,2020-12-21 00:00:00.000,system,NULL,NULL
1166,14,Suranenggala,2020-12-22 00:00:00.000,system,NULL,NULL
1167,14,Susukan,2020-12-23 00:00:00.000,system,NULL,NULL
1168,14,Susukan Lebak,2020-12-24 00:00:00.000,system,NULL,NULL
1169,14,Talun (Cirebon Selatan),2020-12-25 00:00:00.000,system,NULL,NULL
1170,14,Tengah Tani,2020-12-26 00:00:00.000,system,NULL,NULL
1171,14,Waled,2020-12-27 00:00:00.000,system,NULL,NULL
1172,14,Weru,2020-12-28 00:00:00.000,system,NULL,NULL
1173,14,Z Outside Kabupaten,2020-12-29 00:00:00.000,system,NULL,NULL
1174,14,Z Outside Propinsi,2020-12-30 00:00:00.000,system,NULL,NULL
1175,14,Z Other City,2020-12-31 00:00:00.000,system,NULL,NULL
1176,13,Andir,2021-01-01 00:00:00.000,system,NULL,NULL
1177,13,Antapani,2021-01-02 00:00:00.000,system,NULL,NULL
1178,13,Arcamanik,2021-01-03 00:00:00.000,system,NULL,NULL
1179,13,Astana Anyar,2021-01-04 00:00:00.000,system,NULL,NULL
1180,13,Babakan Ciparay,2021-01-05 00:00:00.000,system,NULL,NULL
1181,13,Bandung Kidul,2021-01-06 00:00:00.000,system,NULL,NULL
1182,13,Bandung Kulon,2021-01-07 00:00:00.000,system,NULL,NULL
1183,13,Bandung Wetan,2021-01-08 00:00:00.000,system,NULL,NULL
1184,13,Batununggal,2021-01-09 00:00:00.000,system,NULL,NULL
1185,13,Bojongloa Kaler,2021-01-10 00:00:00.000,system,NULL,NULL
1186,13,Bojongloa Kidul,2021-01-11 00:00:00.000,system,NULL,NULL
1187,13,Buahbatu,2021-01-12 00:00:00.000,system,NULL,NULL
1188,13,Cibeunying Kaler,2021-01-13 00:00:00.000,system,NULL,NULL
1189,13,Cibeunying Kidul,2021-01-14 00:00:00.000,system,NULL,NULL
1190,13,Cibiru,2021-01-15 00:00:00.000,system,NULL,NULL
1191,13,Cicendo,2021-01-16 00:00:00.000,system,NULL,NULL
1192,13,Cidadap,2021-01-17 00:00:00.000,system,NULL,NULL
1193,13,Cinambo,2021-01-18 00:00:00.000,system,NULL,NULL
1194,13,Coblong,2021-01-19 00:00:00.000,system,NULL,NULL
1195,13,Gedebage,2021-01-20 00:00:00.000,system,NULL,NULL
1196,13,Kiara Condong,2021-01-21 00:00:00.000,system,NULL,NULL
1197,13,Lengkong,2021-01-22 00:00:00.000,system,NULL,NULL
1198,13,Mandalajati,2021-01-23 00:00:00.000,system,NULL,NULL
1199,13,Panyileukan,2021-01-24 00:00:00.000,system,NULL,NULL
1200,13,Rancasari,2021-01-25 00:00:00.000,system,NULL,NULL
1201,13,Regol,2021-01-26 00:00:00.000,system,NULL,NULL
1202,13,Sukajadi,2021-01-27 00:00:00.000,system,NULL,NULL
1203,13,Sukasari,2021-01-28 00:00:00.000,system,NULL,NULL
1204,13,Sumur Bandung,2021-01-29 00:00:00.000,system,NULL,NULL
1205,13,Ujungberung,2021-01-30 00:00:00.000,system,NULL,NULL
1206,13,Z Outside Kabupaten,2021-01-31 00:00:00.000,system,NULL,NULL
1207,13,Z Outside Propinsi,2021-02-01 00:00:00.000,system,NULL,NULL
1208,13,Z Other City,2021-02-02 00:00:00.000,system,NULL,NULL
1209,14,Tegal,2018-09-08 10:21:43.617,14WMSADM1,NULL,NULL
1210,14,Jatibarang,2018-09-08 15:34:09.467,14WMSADM1,NULL,NULL
1211,14,Kuningan Jawa Barat,2018-09-08 15:34:25.310,14WMSADM1,NULL,NULL
1212,14,Jatiwangi,2018-09-08 15:34:37.623,14WMSADM1,NULL,NULL
1213,13,Ciamis,2018-09-10 11:42:38.113,13wmsadm1,2018-09-10 11:42:49.363,13wmsadm1
1214,13,Tasikmalaya,2018-09-10 11:43:02.170,13wmsadm1,NULL,NULL
1215,13,Padalarang,2018-09-10 11:43:24.377,13wmsadm1,NULL,NULL
1216,13,Purwakarta,2018-09-10 11:43:41.780,13wmsadm1,NULL,NULL
1217,13,Cikarang,2018-09-10 11:43:57.177,13wmsadm1,NULL,NULL
1218,13,Banjar,2018-09-10 11:44:08.287,13wmsadm1,NULL,NULL
1219,13,Cianjur,2018-09-10 11:44:22.970,13wmsadm1,NULL,NULL
1220,13,Garut,2018-09-10 11:44:37.530,13wmsadm1,NULL,NULL
1221,13,Cihampelas,2018-09-10 11:45:24.443,13wmsadm1,NULL,NULL
1222,13,Bandung Kota,2018-09-10 11:45:41.810,13wmsadm1,NULL,NULL
1223,13,Cipatujah,2018-09-10 11:46:06.777,13wmsadm1,NULL,NULL
1224,14,Cirebon Kota,2018-09-13 09:05:53.213,14WMSADM1,NULL,NULL
1225,14,Brebes,2018-09-17 13:18:46.190,14WMSADM1,NULL,NULL
1226,14,Pemalang,2018-09-18 10:07:47.723,14WMSADM1,NULL,NULL
1227,13,Batujajar,2018-09-19 10:36:47.850,13wmsadm1,NULL,NULL
1228,14,Indramayu,2018-09-19 18:41:09.060,14WMSTRK1,NULL,NULL
1229,14,Majalengka,2018-09-20 11:11:59.573,14WMSTRK1,NULL,NULL
1230,13,Cimahi,2018-09-24 09:02:35.323,13wmsadm1,NULL,NULL
1231,13,Jatinangor,2018-09-25 09:58:49.143,13wmsadm1,NULL,NULL
1232,14,Pekalongan,2018-10-09 09:14:38.510,14WMSTRK1,NULL,NULL
1236,13,Cipadung,2018-11-14 09:54:53.517,13wmsadm1,NULL,NULL
1237,31,Likupang,2018-11-30 21:30:49.683,31wmsadm1,NULL,NULL
1238,20,Denpasar,2018-12-03 13:03:56.637,20wmsadm1,NULL,NULL
1239,20,Jimbaran,2018-12-03 14:30:07.723,20wmsadm1,NULL,NULL
1240,20,Canggu,2018-12-04 09:28:09.890,20wmsadm1,NULL,NULL
1241,16,SURAKARTA,2018-12-04 10:33:02.480,16wmsadm1,2019-09-09 14:21:55.980,16wmsadm1
1242,16,SALATIGA,2018-12-04 11:18:05.213,16wmsadm1,2019-09-09 14:26:18.067,16wmsadm1
1243,16,Magelang,2018-12-04 11:18:32.347,16wmsadm1,NULL,NULL
1244,20,Mataram Lombok,2018-12-04 15:30:05.387,20wmsadm1,NULL,NULL
1245,16,SOLO,2018-12-05 09:37:16.273,16wmsadm1,2019-09-09 14:24:51.217,16wmsadm1
1246,16,YOGYA KOTA,2018-12-05 15:17:32.447,16wmsadm1,2019-09-09 14:21:17.573,16wmsadm1
1247,16,KARANGANYAR,2018-12-06 10:53:27.737,16wmsadm1,2019-09-09 14:28:45.197,16wmsadm1
1248,16,Purworejo,2018-12-06 10:54:16.050,16wmsadm1,NULL,NULL
1249,16,WONOGIRI,2018-12-06 10:54:44.303,16wmsadm1,2019-09-09 14:21:32.057,16wmsadm1
1250,16,SRAGEN,2018-12-06 10:56:43.047,16wmsadm1,2019-09-09 14:25:03.657,16wmsadm1
1251,16,KARTASURA,2018-12-06 11:00:40.207,16wmsadm1,2019-09-09 14:29:00.623,16wmsadm1
1252,20,Singaraja,2018-12-11 09:06:36.027,20wmsadm1,NULL,NULL
1253,20,Tabanan,2018-12-12 09:52:27.410,20wmsadm1,NULL,NULL
1254,31,TERNATE,2018-12-13 15:35:03.640,31wmstrk1,NULL,NULL
1255,31,TAHUNA,2018-12-13 15:35:19.183,31wmstrk1,NULL,NULL
1256,31,TOBELO,2018-12-13 15:35:33.850,31wmstrk1,NULL,NULL
1257,31,SOFIFI,2018-12-13 15:35:48.050,31wmstrk1,NULL,NULL
1258,15,Purwodadi,2018-12-14 09:32:00.023,15wmstrk1,NULL,NULL
1259,31,Gorontalo,2018-12-14 09:44:09.353,99mis,NULL,NULL
1260,31,Kwandang,2018-12-14 09:45:00.770,99mis,NULL,NULL
1261,31,Limboto,2018-12-14 09:45:20.367,99mis,NULL,NULL
1262,31,Suwawa,2018-12-14 09:45:35.533,99mis,NULL,NULL
1263,31,Tilamuta,2018-12-14 09:45:51.113,99mis,NULL,NULL
1264,31,Marisa,2018-12-14 09:46:23.923,99mis,NULL,NULL
1265,31,Ambon,2018-12-14 09:54:19.130,99mis,NULL,NULL
1267,31,Wenang,2018-12-14 09:55:55.893,99mis,NULL,NULL
1268,31,Toli Toli,2018-12-14 09:58:55.077,99mis,NULL,NULL
1269,15,Juwana,2018-12-20 10:24:30.750,15wmstrk1,2018-12-20 10:25:37.910,15wmstrk1
1270,15,Sukorejo,2018-12-21 11:25:52.597,15wmstrk1,NULL,NULL
1271,20,Negara,2018-12-24 12:28:37.677,20wmsadm1,NULL,NULL
1276,18,TULUNGAGUNG,NULL,system,NULL,
1277,18,BLITAR,NULL,system,NULL,
1278,18,TRENGGALEK,NULL,system,NULL,
1279,18,MADIUN,NULL,system,NULL,
1280,18,PONOROGO,NULL,system,NULL,
1281,18,JOMBANG,NULL,system,NULL,
1282,18,MOJOKERTO,NULL,system,NULL,
1284,18,CARUBAN,NULL,system,NULL,
1285,39,JEMBER,NULL,system,NULL,
1287,39,LUMAJANG,NULL,system,NULL,
1288,39,PROBOLINGGO,NULL,system,NULL,
1289,39,SITUBONDO,NULL,system,NULL,
1290,39,BANYUWANGI,NULL,system,NULL,
1291,32,Banjarmasin,NULL,system,NULL,
1292,32,Banjarbaru,NULL,system,NULL,
1293,32,Batulicin,NULL,system,NULL,
1294,32,Kota Baru,NULL,system,NULL,
1295,32,Tanjung,NULL,system,NULL,
1296,32,Palangkaraya,NULL,system,NULL,
1297,32,Sampit,NULL,system,NULL,
1298,32,Pangkalan Bun,NULL,system,NULL,
1301,21,TANAH GROGOT,NULL,system,2019-03-21 13:52:23.450,21wmsadm1
1303,21,SANGATTA,NULL,system,2019-03-21 13:52:12.977,21wmsadm1
1304,21,MALINAU,NULL,system,2019-03-21 13:51:43.127,21wmsadm1
1311,28,SENGKANG,NULL,system,NULL,
1312,28,PARE-PARE,NULL,system,NULL,
1313,28,MAJENE,NULL,system,NULL,
1315,28,MALILI,NULL,system,NULL,
1316,28,MAMUJU,NULL,system,NULL,
1317,28,MAKALE,NULL,system,NULL,
1318,28,PANGKEP,NULL,system,NULL,
1319,28,AMBON,NULL,system,2019-03-19 13:02:01.423,28wmsadm1
1320,28,WONOMULYO,NULL,system,NULL,
1323,27,Tanjung Morawa,NULL,system,NULL,
1324,27,Lubuk Pakam,NULL,system,NULL,
1326,27,Pamatang Siantar,NULL,system,NULL,
1327,27,Balige,NULL,system,NULL,
1328,27,Kisaran,NULL,system,NULL,
1329,27,Gunung Tua,NULL,system,NULL,
1330,27,Padang Sidempuan,NULL,system,NULL,
1331,27,Rantau Parapat,NULL,system,NULL,
1333,27,Sibuhuan,NULL,system,NULL,
1337,27,Teluk Dalam,NULL,system,NULL,
1338,27,Panyambungan,NULL,system,NULL,
1340,27,Meulaboh,NULL,system,NULL,
1341,27,Sigli,NULL,system,NULL,
1342,27,Sabang,NULL,system,NULL,
1343,27,Takengon,NULL,system,NULL,
1344,27,Langsa,NULL,system,NULL,
1345,27,Krueng Geukueh,NULL,system,NULL,
1346,27,Geudong,NULL,system,NULL,
1347,27,Bireun,NULL,system,NULL,
1348,27,Aek Kanopan,NULL,system,NULL,
1349,27,Aek Nabara,NULL,system,NULL,
1350,27,Indrapura,NULL,system,NULL,
1351,27,Kabanjahe,NULL,system,NULL,
1352,27,Sei Piring,NULL,system,NULL,
1353,27,Kota Pinang,NULL,system,NULL,
1354,27,Bagan Batu,NULL,system,NULL,
1355,27,Lima Puluh,NULL,system,NULL,
1356,27,Pangururan,NULL,system,NULL,
1357,27,Perdagangan,NULL,system,NULL,
1358,27,Stabat,NULL,system,NULL,
1359,27,Dolok Sanggul,NULL,system,NULL,
1360,27,Tarutung,NULL,system,NULL,
1361,27,Subulussalam,NULL,system,NULL,
1362,27,Beureunuen,NULL,system,NULL,
1367,30,PEMANGKAT,NULL,system,NULL,
1368,30,SOSOK,NULL,system,NULL,
1371,30,NANGA PINOH,NULL,system,NULL,
1373,33,Kota Jambi,NULL,system,NULL,
1374,33,Singkut,NULL,system,NULL,
1375,33,Muara Bungo,NULL,system,NULL,
1376,33,Sorolangun,NULL,system,NULL,
1377,33,Bangko,NULL,system,NULL,
1378,33,Tembesi,NULL,system,NULL,
1379,33,Tungkal,NULL,system,NULL,
1381,23,SUNGAI LILIN,NULL,system,NULL,
1383,23,INDRALAYA,NULL,system,NULL,
1385,23,BATURAJA,NULL,system,NULL,
1387,23,LUBUK LINGGAU,NULL,system,NULL,
1388,23,BENGKULU,NULL,system,NULL,
1389,23,PANGKAL PINANG,NULL,system,NULL,
1390,23,BELITUNG,NULL,system,NULL,
1391,23,CURUP,NULL,system,NULL,
1392,23,BELITANG,NULL,system,NULL,
1393,15,Cepu Kota,2019-01-18 10:01:54.750,15wmsadm1,2019-01-18 10:04:37.043,15wmsadm1
1398,14,"Transfer Stok Cabang ",2019-01-28 16:25:54.533,14WMSADM1,NULL,NULL
1399,16,JAKARTA,2019-02-07 11:10:43.913,16wmsadm1,NULL,NULL
1400,16,SEMARANG,2019-02-07 11:11:19.680,16wmsadm1,NULL,NULL
1401,34,Unaaha,2019-02-07 12:53:25.860,34wmsadm1,NULL,NULL
1402,34,Wawotobi,2019-02-07 12:54:07.020,34wmsadm1,NULL,NULL
1403,16,CIREBON,2019-02-21 08:42:01.333,16wmsadm1,NULL,NULL
1404,23,LUBUK SEBERUK,2019-03-15 16:53:23.280,23wmsadm1,2020-04-28 15:35:35.500,23wmsadm1
1405,22,Batu Licin,2019-03-16 17:32:59.333,22wmsadm1,NULL,NULL
1406,22,Palangkaraya,2019-03-16 17:33:28.270,22wmsadm1,NULL,NULL
1407,22,Sampit,2019-03-16 17:33:36.730,22wmsadm1,NULL,NULL
1408,22,Pangkalan Bun,2019-03-16 17:33:45.783,22wmsadm1,NULL,NULL
1409,38,Rangkas,2019-03-18 10:16:55.870,38wmsadm1,NULL,NULL
1410,38,Malimping,2019-03-18 10:17:15.253,38wmsadm1,NULL,NULL
1412,21,PETUNG,2019-03-19 07:06:17.300,21wmsadm1,2019-03-21 13:51:55.003,21wmsadm1
1413,25,RENGAT,2019-03-19 10:08:54.257,25wmsadm1,NULL,NULL
1414,25,PEKANBARU,2019-03-19 10:09:13.057,25wmsadm1,NULL,NULL
1415,27,BATAM,2019-03-19 17:12:30.477,27wmsadm1,NULL,NULL
1416,39,Maron,2019-03-28 09:19:20.477,39wmsadm1,NULL,NULL
1417,13,Sumedang,2019-04-04 16:48:47.977,13wmsadm1,NULL,NULL
1418,25,PT. SEID CAB. JAMBI,2019-04-25 15:35:07.473,25wmsadm1,NULL,NULL
1419,27,KARAWANG,2019-04-26 13:40:24.777,27wmsadm1,NULL,NULL
1420,18,jakarta,2019-04-26 17:49:59.760,18wmsadm1,NULL,NULL
1421,39,SWADAYA JAKARTA,2019-04-27 09:09:37.190,39wmsadm1,NULL,NULL
1423,25,BAGAN SIAPI API,2019-05-13 19:23:39.910,25wmsadm1,NULL,NULL
1424,25,PT. SEID KARAWANG,2019-05-16 12:51:27.913,25wmsadm1,NULL,NULL
1425,16,BOYOLALI,2019-05-22 08:19:57.987,16wmsadm1,NULL,NULL
1426,15,Purworejo Kota,2019-06-27 10:04:17.450,15WMSADM1,NULL,NULL
1427,16,SURABAYA,2019-06-27 21:20:19.600,16wmsadm1,NULL,NULL
1428,16,KLATEN,2019-07-15 15:35:24.673,16wmsadm1,NULL,NULL
1429,21,BALIKPAPAN,2019-07-18 15:57:40.333,21wmsadm1,2019-10-16 13:32:41.100,21wmsadm1
1430,24,TELUK KUANTAN,2019-08-21 10:35:08.877,24wmsadm1,NULL,NULL
1431,24,SUNGAI PENUH,2019-08-21 10:35:19.827,24wmsadm1,NULL,NULL
1432,24,LUBUK BASUNG,2019-08-21 10:35:30.437,24wmsadm1,NULL,NULL
1433,30,BADAU,2019-08-23 15:19:28.310,30WMSADM1,NULL,NULL
1434,25,PT. SEID CAB. PADANG,2019-08-29 13:36:45.030,25wmsadm1,NULL,NULL
1435,20,JAKARTA,2019-08-29 17:39:33.157,20wmsadm1,NULL,NULL
1436,30,ENTIKONG,2019-08-30 10:07:43.840,30WMSADM1,NULL,NULL
1437,25,PT. SEID CAB. PALEMBANG,2019-08-30 10:14:54.340,25wmsadm1,NULL,NULL
1438,18,Jawa bARAT,2019-09-03 16:32:51.947,18wmsadm1,NULL,NULL
1439,30,ARUK,2019-09-05 11:04:18.063,30WMSADM1,NULL,NULL
1444,16,PABELAN SURAKARTA,2019-09-09 17:08:11.490,16wmsadm1,NULL,NULL
1445,39,DENPASAR,2019-09-17 11:43:42.120,39wmsadm1,NULL,NULL
1446,39,PALEMBANG SUM-SEL,2019-09-18 11:28:58.737,39wmsadm1,NULL,NULL
1447,25,PT. SHARP ELECTRONICS INDONESIA CAKUNG- JAKARTA,2019-10-22 11:42:32.617,25wmsadm1,NULL,NULL
1448,16,MUNTILAN,2019-11-13 11:14:13.437,16wmsadm1,NULL,NULL
1449,39,WIROLEGI,2019-11-16 12:48:58.533,39wmsadm1,NULL,NULL
1450,28,Daya,2019-12-02 12:49:53.917,28wmsadm1,2020-06-03 11:56:45.513,28wmsAdm1
1457,28,MARICAYA,2020-01-03 09:54:03.410,28wmsadm1,2020-01-03 09:55:05.407,28wmsadm1
1458,25,PT. SEID MEDAN,2020-01-13 15:37:58.703,25wmsadm1,NULL,NULL
1459,15,WELERI,2020-01-21 10:16:08.643,15WMSADM1,NULL,NULL
1461,93,Tasikmalaya,2020-01-17 13:34:13.777,93wmsadm1,NULL,NULL
1462,93,Ciamis,2020-01-17 13:34:19.400,93wmsadm1,NULL,NULL
1463,93,Ciawi,2020-01-17 13:34:24.790,93wmsadm1,NULL,NULL
1464,93,Garut,2020-01-17 13:34:30.137,93wmsadm1,NULL,NULL
1465,93,Bandung,2020-01-17 13:34:35.587,93wmsadm1,NULL,NULL
1466,93,Karangnuggal,2020-01-17 13:34:41.183,93wmsadm1,NULL,NULL
1467,92,Mataram,2020-01-17 14:17:41.273,92wmsadm1,2020-04-24 08:47:03.250,92wmsadm2
1468,92,Praya,2020-01-17 14:17:47.353,92wmsadm1,2020-04-24 08:47:31.307,92wmsadm2
1469,92,Pancor,2020-01-17 14:17:53.227,92wmsadm1,2020-04-24 08:47:19.910,92wmsadm2
1470,80,SURABAYA,2020-01-17 16:33:37.503,logadmsby1,NULL,NULL
1471,80,SIDOARJO,2020-01-17 16:33:50.533,logadmsby1,NULL,NULL
1472,80,GRESIK,2020-01-17 16:34:02.117,logadmsby1,NULL,NULL
1473,80,BANGKALAN - MADURA,2020-01-17 16:34:13.867,logadmsby1,NULL,NULL
1474,80,PAMEKASAN - MADURA,2020-01-17 16:34:24.850,logadmsby1,NULL,NULL
1475,80,SUMENEP - MADURA,2020-01-17 16:34:34.443,logadmsby1,NULL,NULL
1476,80,MALANG,2020-01-17 16:34:45.257,logadmsby1,NULL,NULL
1477,80,BLITAR,2020-01-17 16:34:55.523,logadmsby1,NULL,NULL
1478,80,PASURUAN,2020-01-17 16:35:10.493,logadmsby1,NULL,NULL
1479,80,MOJOKERTO,2020-01-17 16:35:24.747,logadmsby1,NULL,NULL
1480,80,JOMBANG,2020-01-17 16:35:33.793,logadmsby1,NULL,NULL
1481,80,LAMONGAN,2020-01-17 16:35:41.857,logadmsby1,NULL,NULL
1482,80,BOJONEGORO,2020-01-17 16:36:10.937,logadmsby1,NULL,NULL
1483,80,KUPANG,2020-01-17 16:36:21.187,logadmsby1,NULL,NULL
1484,80,TANJUNG SELOR,2020-01-17 16:36:30.717,logadmsby1,NULL,NULL
1485,80,"BERAU ",2020-01-17 16:36:40.347,logadmsby1,NULL,NULL
1486,80,MALINAU,2020-01-17 16:36:48.190,logadmsby1,NULL,NULL
1487,80,FAK-FAK,2020-01-17 16:36:57.393,logadmsby1,NULL,NULL
1488,80,RUTENG NUSATENGGARATIMUR,2020-01-17 16:37:06.313,logadmsby1,NULL,NULL
1489,80,"TARAKAN ",2020-01-17 16:37:15.250,logadmsby1,NULL,NULL
1490,80,NABIRE,2020-01-17 16:37:23.943,logadmsby1,NULL,NULL
1491,80,BIAK,2020-01-17 16:37:31.240,logadmsby1,NULL,NULL
1492,80,MANOKWARI,2020-01-17 16:37:38.927,logadmsby1,NULL,NULL
1493,80,TIMIKA,2020-01-17 16:37:46.910,logadmsby1,NULL,NULL
1494,80,MERAUKE,2020-01-17 16:37:56.100,logadmsby1,NULL,NULL
1495,91,Batam,2020-01-21 10:53:27.853,91wmsadm2,NULL,NULL
1496,91,Tanjung Uban,2020-01-21 10:53:35.877,91wmsadm2,NULL,NULL
1497,91,Tanjung Pinang,2020-01-21 10:53:45.757,91wmsadm2,NULL,NULL
1498,91,Tanjung Balai kArimun,2020-01-21 10:53:57.877,91wmsadm2,NULL,NULL
1499,39,SURABAYA,2020-02-29 12:40:43.827,39wmsadm1,NULL,NULL
1500,28,perintis,2020-03-20 09:05:23.527,28wmsadm1,NULL,NULL
1503,28,sarappo,2020-03-20 09:07:28.513,28wmsadm1,NULL,NULL
1504,28,pettarani,2020-03-20 09:09:59.257,28wmsadm1,NULL,NULL
1505,28,tallo,2020-03-20 09:10:25.163,28wmsadm1,NULL,NULL
1506,28,AMBIL SENDIRI,2020-04-09 10:32:26.933,28wmsadm1,NULL,NULL
1507,28,PERINTIS KEMERDEKAAN  MKS,2020-04-13 13:28:29.937,28wmsAdm1,NULL,NULL
1508,28," A PETTARANI  MKS",2020-04-14 11:50:17.040,28wmsAdm1,2020-04-17 10:32:14.743,28wmsadm1
1509,28,MARICAYA . SUNGAI SADDANG MKS,2020-04-14 11:55:19.763,28wmsAdm1,NULL,NULL
1510,28,A.JEMMA . NO 66 BATUPASI. PALOPO,2020-04-14 12:21:13.987,28wmsAdm1,NULL,NULL
1511,28,KELAPA NO. 33 MAPPASAILE PANGKAJENE . PANGKEP,2020-04-14 13:36:36.207,28wmsAdm1,NULL,NULL
1512,28,K.H.WAHID HASYIM NO.258-260  GOWA,2020-04-15 10:43:00.800,28wmsAdm1,NULL,NULL
1513,28,L.SUPRAPTO TANETE RIATTANG BONE,2020-04-15 12:19:29.503,28wmsAdm1,NULL,NULL
1514,28,JEND.SUDIRMAN NO.27/29 MAJENE,2020-04-15 12:21:14.237,28wmsAdm1,NULL,NULL
1515,28,TALLO MKS,2020-04-15 12:22:42.647,28wmsAdm1,NULL,NULL
1516,28,SULTAN HASANUDDIN N0.40 PAREPARE,2020-04-15 12:41:31.737,28wmsAdm1,NULL,NULL
1517,28,ST.HASANUDDIN NO. 18 PAREPARE,2020-04-16 14:46:13.007,28WMSADM1,NULL,NULL
1518,28,KARAENG BURANE NO.8A PAREPARE,2020-04-16 14:47:17.727,28WMSADM1,NULL,NULL
1519,28,BAU MASSEPE 352 PARE PARE,2020-04-22 14:45:00.593,28wmsAdm1,NULL,NULL
